<AlertDefinition xmlns:i="http://www.w3.org/2001/XMLSchema-instance" xmlns="http://schemas.datacontract.org/2004/07/SolarWinds.Orion.Core.Alerting.Models"><AlertID>117</AlertID><AlertMessage /><AlertRefID>7084e964-e05d-42fd-a230-bd6f38e81f82</AlertRefID><Canned>false</Canned><Category /><CreatedBy>GB\159dlace</CreatedBy><CustomProperties xmlns:d2p1="http://schemas.microsoft.com/2003/10/Serialization/Arrays" /><Description /><Enabled>true</Enabled><ExecutionTimePeriods xmlns:d2p1="http://schemas.solarwinds.com/2008/Core"><d2p1:TimePeriodSchedule><d2p1:CronExpression>0 0 * * 1,2,3,4,5,6,0</d2p1:CronExpression><d2p1:CronExpressionTimeZoneInfoId /><d2p1:DisplayName>Weekly - every Monday, Tuesday, Wednesday, Thursday, Friday, Saturday, Sunday of every week</d2p1:DisplayName><d2p1:Duration>PT23H59M59S</d2p1:Duration><d2p1:EnabledDuringTimePeriod>true</d2p1:EnabledDuringTimePeriod><d2p1:EndTime i:nil="true" /><d2p1:FrequencyId>0</d2p1:FrequencyId><d2p1:StartTime>1899-12-30T08:00:00Z</d2p1:StartTime></d2p1:TimePeriodSchedule></ExecutionTimePeriods><Frequency>PT15S</Frequency><LastEdit>2019-05-09T13:24:12.41Z</LastEdit><Name>Alert me via PagerDuty when an Interface goes down</Name><NotificationEnabled>false</NotificationEnabled><NotificationSettings xmlns:d2p1="http://schemas.solarwinds.com/2008/Core"><d2p1:Enabled>false</d2p1:Enabled><d2p1:NetObjectType>Interface</d2p1:NetObjectType><d2p1:Severity>Notice</d2p1:Severity><d2p1:Subject /><d2p1:_properties xmlns:d3p1="http://schemas.microsoft.com/2003/10/Serialization/Arrays"><d3p1:KeyValueOfstringAlertNotificationProperty9sQWCBBt><d3p1:Key>Name </d3p1:Key><d3p1:Value><d2p1:Name>Name </d2p1:Name><d2p1:Value>${InterfaceName}</d2p1:Value></d3p1:Value></d3p1:KeyValueOfstringAlertNotificationProperty9sQWCBBt><d3p1:KeyValueOfstringAlertNotificationProperty9sQWCBBt><d3p1:Key>Type Description </d3p1:Key><d3p1:Value><d2p1:Name>Type Description </d2p1:Name><d2p1:Value>${InterfaceTypeDescription}</d2p1:Value></d3p1:Value></d3p1:KeyValueOfstringAlertNotificationProperty9sQWCBBt><d3p1:KeyValueOfstringAlertNotificationProperty9sQWCBBt><d3p1:Key>Status </d3p1:Key><d3p1:Value><d2p1:Name>Status </d2p1:Name><d2p1:Value>${Status}</d2p1:Value></d3p1:Value></d3p1:KeyValueOfstringAlertNotificationProperty9sQWCBBt></d2p1:_properties></NotificationSettings><ObjectType>Interface</ObjectType><Reset><Conditions><ConditionChainItem><AndThenTimeInterval i:nil="true" /><ChainType>ResetCustom</ChainType><Condition xmlns:d5p1="http://schemas.datacontract.org/2004/07/SolarWinds.Orion.Core.Models.Alerting" xmlns:d5p2="http://schemas.datacontract.org/2004/07/SolarWinds.Orion.Core.Alerting.Plugins.Conditions.Dynamic" i:type="d5p2:AlertConditionDynamic"><d5p2:ExprTree><d5p1:Child><d5p1:Expr><d5p1:Child><d5p1:Expr><d5p1:Child /><d5p1:NodeType>Constant</d5p1:NodeType><d5p1:Value>True</d5p1:Value></d5p1:Expr><d5p1:Expr><d5p1:Child /><d5p1:NodeType>Constant</d5p1:NodeType><d5p1:Value>0</d5p1:Value></d5p1:Expr><d5p1:Expr><d5p1:Child /><d5p1:NodeType>Constant</d5p1:NodeType><d5p1:Value>0</d5p1:Value></d5p1:Expr></d5p1:Child><d5p1:NodeType>Event</d5p1:NodeType><d5p1:Value>[updateEvent].Orion.NPM.Interfaces|Status</d5p1:Value></d5p1:Expr><d5p1:Expr><d5p1:Child><d5p1:Expr><d5p1:Child /><d5p1:NodeType>Field</d5p1:NodeType><d5p1:Value>Orion.NPM.Interfaces|Status</d5p1:Value></d5p1:Expr><d5p1:Expr><d5p1:Child /><d5p1:NodeType>Constant</d5p1:NodeType><d5p1:Value>1</d5p1:Value></d5p1:Expr></d5p1:Child><d5p1:NodeType>Operator</d5p1:NodeType><d5p1:Value>=</d5p1:Value></d5p1:Expr></d5p1:Child><d5p1:NodeType>Operator</d5p1:NodeType><d5p1:Value>AND</d5p1:Value></d5p2:ExprTree><d5p2:Scope i:nil="true" /><d5p2:TimeWindow i:nil="true" /></Condition><ConjunctionOperator>None</ConjunctionOperator><IsInvertedMinCountThreshold>false</IsInvertedMinCountThreshold><NetObjectsMinCountThreshold i:nil="true" /><ObjectType>Interface</ObjectType><SustainTime i:nil="true" /><Type xmlns:d5p1="http://schemas.datacontract.org/2004/07/SolarWinds.Orion.Core.Alerting.Plugins.Conditions.Dynamic" i:type="d5p1:ConditionTypeDynamic" /></ConditionChainItem></Conditions></Reset><ResetActions xmlns:d2p1="http://schemas.solarwinds.com/2008/Orion"><d2p1:ActionDefinition><d2p1:ActionProperties><d2p1:ActionProperty><d2p1:IsShared>false</d2p1:IsShared><d2p1:PropertyName>executionIfAknowledge</d2p1:PropertyName><d2p1:PropertyValue>False</d2p1:PropertyValue></d2p1:ActionProperty><d2p1:ActionProperty><d2p1:IsShared>false</d2p1:IsShared><d2p1:PropertyName>executionRepeatTimeSpan</d2p1:PropertyName><d2p1:PropertyValue>0</d2p1:PropertyValue></d2p1:ActionProperty><d2p1:ActionProperty><d2p1:IsShared>false</d2p1:IsShared><d2p1:PropertyName>HttpRequestBody</d2p1:PropertyName><d2p1:PropertyValue>{
  "payload": {
    "summary": "Interface ${N=SwisEntity;M=Caption} on ${N=SwisEntity;M=Node.DisplayName} is ${N=SwisEntity;M=Status}",
    "source": "${N=SwisEntity;M=Caption}",
    "severity": "critical"
  },
  "routing_key": "${SQL: SELECT Nodes.PDIntegrationkeyv2 FROM Nodes WHERE NodeID='${NodeID}'}",
  "dedup_key": "${N=SwisEntity;M=Caption}_${N=SwisEntity;M=Node.DisplayName}",
  "event_action": "resolve"
}</d2p1:PropertyValue></d2p1:ActionProperty><d2p1:ActionProperty><d2p1:IsShared>false</d2p1:IsShared><d2p1:PropertyName>HttpRequestMethod</d2p1:PropertyName><d2p1:PropertyValue>2</d2p1:PropertyValue></d2p1:ActionProperty><d2p1:ActionProperty><d2p1:IsShared>false</d2p1:IsShared><d2p1:PropertyName>HttpRequestUrl</d2p1:PropertyName><d2p1:PropertyValue>https://events.pagerduty.com/v2/enqueue</d2p1:PropertyValue></d2p1:ActionProperty></d2p1:ActionProperties><d2p1:ActionTypeID>SendHttpRequest</d2p1:ActionTypeID><d2p1:Description>Post to https://events.pagerduty.com/v2/enqueue</d2p1:Description><d2p1:Enabled>true</d2p1:Enabled><d2p1:ID>234</d2p1:ID><d2p1:IconPath i:nil="true" /><d2p1:IsShared>false</d2p1:IsShared><d2p1:Order>1</d2p1:Order><d2p1:TimePeriods xmlns:d4p1="http://schemas.solarwinds.com/2008/Core" /><d2p1:Title>Resolve via POST</d2p1:Title><d2p1:TransitiveID i:nil="true" /></d2p1:ActionDefinition></ResetActions><Severity>Critical</Severity><Trigger><Conditions><ConditionChainItem><AndThenTimeInterval i:nil="true" /><ChainType>Trigger</ChainType><Condition xmlns:d5p1="http://schemas.datacontract.org/2004/07/SolarWinds.Orion.Core.Models.Alerting" xmlns:d5p2="http://schemas.datacontract.org/2004/07/SolarWinds.Orion.Core.Alerting.Plugins.Conditions.Dynamic" i:type="d5p2:AlertConditionDynamic"><d5p2:ExprTree><d5p1:Child><d5p1:Expr><d5p1:Child><d5p1:Expr><d5p1:Child /><d5p1:NodeType>Constant</d5p1:NodeType><d5p1:Value>True</d5p1:Value></d5p1:Expr><d5p1:Expr><d5p1:Child /><d5p1:NodeType>Constant</d5p1:NodeType><d5p1:Value>0</d5p1:Value></d5p1:Expr><d5p1:Expr><d5p1:Child /><d5p1:NodeType>Constant</d5p1:NodeType><d5p1:Value>0</d5p1:Value></d5p1:Expr></d5p1:Child><d5p1:NodeType>Event</d5p1:NodeType><d5p1:Value>[updateEvent].Orion.NPM.Interfaces|Status</d5p1:Value></d5p1:Expr><d5p1:Expr><d5p1:Child><d5p1:Expr><d5p1:Child /><d5p1:NodeType>Field</d5p1:NodeType><d5p1:Value>Orion.NPM.Interfaces|Status</d5p1:Value></d5p1:Expr><d5p1:Expr><d5p1:Child /><d5p1:NodeType>Constant</d5p1:NodeType><d5p1:Value>2</d5p1:Value></d5p1:Expr></d5p1:Child><d5p1:NodeType>Operator</d5p1:NodeType><d5p1:Value>=</d5p1:Value></d5p1:Expr></d5p1:Child><d5p1:NodeType>Operator</d5p1:NodeType><d5p1:Value>AND</d5p1:Value></d5p2:ExprTree><d5p2:Scope i:nil="true" /><d5p2:TimeWindow i:nil="true" /></Condition><ConjunctionOperator>None</ConjunctionOperator><IsInvertedMinCountThreshold>false</IsInvertedMinCountThreshold><NetObjectsMinCountThreshold i:nil="true" /><ObjectType>Interface</ObjectType><SustainTime i:nil="true" /><Type xmlns:d5p1="http://schemas.datacontract.org/2004/07/SolarWinds.Orion.Core.Alerting.Plugins.Conditions.Dynamic" i:type="d5p1:ConditionTypeDynamic" /></ConditionChainItem></Conditions></Trigger><TriggerActions xmlns:d2p1="http://schemas.solarwinds.com/2008/Orion"><d2p1:ActionDefinition><d2p1:ActionProperties><d2p1:ActionProperty><d2p1:IsShared>false</d2p1:IsShared><d2p1:PropertyName>EscalationLevel</d2p1:PropertyName><d2p1:PropertyValue>0</d2p1:PropertyValue></d2p1:ActionProperty><d2p1:ActionProperty><d2p1:IsShared>false</d2p1:IsShared><d2p1:PropertyName>executionIfAknowledge</d2p1:PropertyName><d2p1:PropertyValue>True</d2p1:PropertyValue></d2p1:ActionProperty><d2p1:ActionProperty><d2p1:IsShared>false</d2p1:IsShared><d2p1:PropertyName>executionRepeatTimeSpan</d2p1:PropertyName><d2p1:PropertyValue>0</d2p1:PropertyValue></d2p1:ActionProperty><d2p1:ActionProperty><d2p1:IsShared>false</d2p1:IsShared><d2p1:PropertyName>HttpRequestBody</d2p1:PropertyName><d2p1:PropertyValue>{
  "payload": {
    "summary": "Interface ${N=SwisEntity;M=Caption} on ${N=SwisEntity;M=Node.DisplayName} is ${N=SwisEntity;M=Status}",
    "source": "${N=SwisEntity;M=Caption}",
    "severity": "critical",
    "custom_details": {
      "Interface": "${N=SwisEntity;M=Caption}",
      "Node": "${N=SwisEntity;M=Node.DisplayName}",
      "Status": "${N=SwisEntity;M=Status}"
    }
  },
  "routing_key": "${SQL: SELECT Nodes.PDIntegrationKey FROM Nodes WHERE NodeID='${NodeID}'}",
  "dedup_key": "${N=SwisEntity;M=Caption}_${N=SwisEntity;M=Node.DisplayName}",
  "event_action": "trigger",
  "client": "SolarWinds Orion",
  "client_url": "${N=SwisEntity;M=Node.DetailsUrl}"
}</d2p1:PropertyValue></d2p1:ActionProperty><d2p1:ActionProperty><d2p1:IsShared>false</d2p1:IsShared><d2p1:PropertyName>HttpRequestMethod</d2p1:PropertyName><d2p1:PropertyValue>2</d2p1:PropertyValue></d2p1:ActionProperty><d2p1:ActionProperty><d2p1:IsShared>false</d2p1:IsShared><d2p1:PropertyName>HttpRequestUrl</d2p1:PropertyName><d2p1:PropertyValue>https://events.pagerduty.com/v2/enqueue</d2p1:PropertyValue></d2p1:ActionProperty></d2p1:ActionProperties><d2p1:ActionTypeID>SendHttpRequest</d2p1:ActionTypeID><d2p1:Description>Post to https://events.pagerduty.com/v2/enqueue</d2p1:Description><d2p1:Enabled>true</d2p1:Enabled><d2p1:ID>235</d2p1:ID><d2p1:IconPath i:nil="true" /><d2p1:IsShared>false</d2p1:IsShared><d2p1:Order>1</d2p1:Order><d2p1:TimePeriods xmlns:d4p1="http://schemas.solarwinds.com/2008/Core" /><d2p1:Title>Trigger via POST</d2p1:Title><d2p1:TransitiveID i:nil="true" /></d2p1:ActionDefinition></TriggerActions><Uri>swis://mon7001-orion.gb.sportingindex.com/Orion/Orion.AlertConfigurations/AlertID=117</Uri></AlertDefinition>